ID,Title,Category,Tier,Intensity,Role Mode,Same-Card Role Match,Separate Match?,Matches With,Possible Match Buckets
0001,Sensual Massage,sensory,soft,1,role-aware,Give <-> Receive; Both <-> any,No,Sensual Massage (same card: compatible roles),Mutual Yes; Partial Match; Mutual Maybe
0002,Deep Kissing Session,communication,soft,1,role-aware,Give <-> Receive; Both <-> any,No,Deep Kissing Session (same card: compatible roles),Mutual Yes; Partial Match; Mutual Maybe
0003,Naked Cuddling,aftercare,soft,1,role-aware,Give <-> Receive; Both <-> any,No,Naked Cuddling (same card: compatible roles),Mutual Yes; Partial Match; Mutual Maybe
0004,Romantic Whispers,communication,soft,1,role-aware,Give <-> Receive; Both <-> any,No,Romantic Whispers (same card: compatible roles),Mutual Yes; Partial Match; Mutual Maybe
0005,Intense Eye Contact,communication,soft,1,role-aware,Give <-> Receive; Both <-> any,No,Intense Eye Contact (same card: compatible roles),Mutual Yes; Partial Match; Mutual Maybe
0006,Slow Undressing,sensory,soft,1,role-aware,Give <-> Receive; Both <-> any,No,Slow Undressing (same card: compatible roles),Mutual Yes; Partial Match; Mutual Maybe
0007,Mutual Masturbation,sensory,naughty,1,role-aware,Give <-> Receive; Both <-> any,No,Mutual Masturbation (same card: compatible roles),Mutual Yes; Partial Match; Mutual Maybe
0008,Oral Pleasure,paired play,naughty,1,role-aware,Give <-> Receive; Both <-> any,No,Oral Pleasure (same card: compatible roles),Mutual Yes; Partial Match; Mutual Maybe
0009,Light Teasing,paired play,soft,1,role-aware,Give <-> Receive; Both <-> any,No,Light Teasing (same card: compatible roles),Mutual Yes; Partial Match; Mutual Maybe
0010,Sexy Texting,communication,soft,1,role-aware,Give <-> Receive; Both <-> any,No,Sexy Texting (same card: compatible roles),Mutual Yes; Partial Match; Mutual Maybe
0011,Feather Light Touch,sensory,soft,1,role-aware,Give <-> Receive; Both <-> any,No,Feather Light Touch (same card: compatible roles),Mutual Yes; Partial Match; Mutual Maybe
0012,Shared Bath,environment,soft,1,role-aware,Give <-> Receive; Both <-> any,No,Shared Bath (same card: compatible roles),Mutual Yes; Partial Match; Mutual Maybe
0013,Candlelight Intimacy,environment,soft,1,role-aware,Give <-> Receive; Both <-> any,No,Candlelight Intimacy (same card: compatible roles),Mutual Yes; Partial Match; Mutual Maybe
0014,Shared Shower,environment,soft,1,role-aware,Give <-> Receive; Both <-> any,No,Shared Shower (same card: compatible roles),Mutual Yes; Partial Match; Mutual Maybe
0015,Silk Scarf Sensation,sensory,soft,1,role-aware,Give <-> Receive; Both <-> any,No,Silk Scarf Sensation (same card: compatible roles),Mutual Yes; Partial Match; Mutual Maybe
0016,Ice Cube Tease,sensory,soft,1,role-aware,Give <-> Receive; Both <-> any,No,Ice Cube Tease (same card: compatible roles),Mutual Yes; Partial Match; Mutual Maybe
0017,Full Body Kissing Tour,sensory,soft,1,role-aware,Give <-> Receive; Both <-> any,No,Full Body Kissing Tour (same card: compatible roles),Mutual Yes; Partial Match; Mutual Maybe
0018,Erotic Storytelling,communication,soft,1,role-aware,Give <-> Receive; Both <-> any,No,Erotic Storytelling (same card: compatible roles),Mutual Yes; Partial Match; Mutual Maybe
0019,Mirror Watching,sensory,soft,1,role-aware,Give <-> Receive; Both <-> any,No,Mirror Watching (same card: compatible roles),Mutual Yes; Partial Match; Mutual Maybe
0020,Music and Movement,sensory,soft,1,role-aware,Give <-> Receive; Both <-> any,No,Music and Movement (same card: compatible roles),Mutual Yes; Partial Match; Mutual Maybe
0052,Wrist Restraints,paired play,naughty,2,role-aware,Give <-> Receive; Both <-> any,No,Wrist Restraints (same card: compatible roles),Mutual Yes; Partial Match; Mutual Maybe
0054,Teacher/Student Roleplay,roleplay,naughty,2,role-aware,Give <-> Receive; Both <-> any,No,Teacher/Student Roleplay (same card: compatible roles),Mutual Yes; Partial Match; Mutual Maybe
0055,Boss/Employee Roleplay,roleplay,naughty,2,role-aware,Give <-> Receive; Both <-> any,No,Boss/Employee Roleplay (same card: compatible roles),Mutual Yes; Partial Match; Mutual Maybe
0056,Beginner Anal Exploration,sensory,naughty,2,role-aware,Give <-> Receive; Both <-> any,No,Beginner Anal Exploration (same card: compatible roles),Mutual Yes; Partial Match; Mutual Maybe
0057,Explicit Dirty Talk,communication,naughty,2,role-aware,Give <-> Receive; Both <-> any,No,Explicit Dirty Talk (same card: compatible roles),Mutual Yes; Partial Match; Mutual Maybe
0058,Nipple Play,paired play,naughty,2,role-aware,Give <-> Receive; Both <-> any,No,Nipple Play (same card: compatible roles),Mutual Yes; Partial Match; Mutual Maybe
0059,Sensual Biting,paired play,naughty,2,role-aware,Give <-> Receive; Both <-> any,No,Sensual Biting (same card: compatible roles),Mutual Yes; Partial Match; Mutual Maybe
0060,Controlled Hair Pulling,paired play,naughty,2,role-aware,Give <-> Receive; Both <-> any,No,Controlled Hair Pulling (same card: compatible roles),Mutual Yes; Partial Match; Mutual Maybe
0101,Intense Bondage,light restraint,xxx,3,role-aware,Give <-> Receive; Both <-> any,No,Intense Bondage (same card: compatible roles),Mutual Yes; Partial Match; Mutual Maybe
0102,Intense Impact Play,light restraint,xxx,3,role-aware,Give <-> Receive; Both <-> any,No,Intense Impact Play (same card: compatible roles),Mutual Yes; Partial Match; Mutual Maybe
0103,Consensual Non-Consent,roleplay,xxx,3,role-aware,Give <-> Receive; Both <-> any,No,Consensual Non-Consent (same card: compatible roles),Mutual Yes; Partial Match; Mutual Maybe
0104,Chastity Control,paired play,xxx,3,role-aware,Give <-> Receive; Both <-> any,No,Chastity Control (same card: compatible roles),Mutual Yes; Partial Match; Mutual Maybe
0105,Consensual Degradation,paired play,xxx,3,role-aware,Give <-> Receive; Both <-> any,No,Consensual Degradation (same card: compatible roles),Mutual Yes; Partial Match; Mutual Maybe
0106,Group Play Fantasy,group,xxx,3,role-aware,Give <-> Receive; Both <-> any,No,Group Play Fantasy (same card: compatible roles),Mutual Yes; Partial Match; Mutual Maybe
0107,Double Penetration,sensory,xxx,3,role-aware,Give <-> Receive; Both <-> any,No,Double Penetration (same card: compatible roles),Mutual Yes; Partial Match; Mutual Maybe
0109,Rope Suspension,light restraint,xxx,3,role-aware,Give <-> Receive; Both <-> any,No,Rope Suspension (same card: compatible roles),Mutual Yes; Partial Match; Mutual Maybe
0021,Blindfolded Touch,sensory,soft,1,role-aware,Give <-> Receive; Both <-> any,No,Blindfolded Touch (same card: compatible roles),Mutual Yes; Partial Match; Mutual Maybe
0022,Sensual Feeding,sensory,soft,1,role-aware,Give <-> Receive; Both <-> any,No,Sensual Feeding (same card: compatible roles),Mutual Yes; Partial Match; Mutual Maybe
0023,Intimate Hair Play,sensory,soft,1,role-aware,Give <-> Receive; Both <-> any,No,Intimate Hair Play (same card: compatible roles),Mutual Yes; Partial Match; Mutual Maybe
0024,Naked Slow Dancing,sensory,soft,1,role-aware,Give <-> Receive; Both <-> any,No,Naked Slow Dancing (same card: compatible roles),Mutual Yes; Partial Match; Mutual Maybe
0025,Ear Nibbling and Breathing,sensory,soft,1,role-aware,Give <-> Receive; Both <-> any,No,Ear Nibbling and Breathing (same card: compatible roles),Mutual Yes; Partial Match; Mutual Maybe
0026,Neck Worship,sensory,soft,1,role-aware,Give <-> Receive; Both <-> any,No,Neck Worship (same card: compatible roles),Mutual Yes; Partial Match; Mutual Maybe
0027,Guided Hand Exploration,communication,soft,1,role-aware,Give <-> Receive; Both <-> any,No,Guided Hand Exploration (same card: compatible roles),Mutual Yes; Partial Match; Mutual Maybe
0028,Synchronized Breathing,aftercare,soft,1,role-aware,Give <-> Receive; Both <-> any,No,Synchronized Breathing (same card: compatible roles),Mutual Yes; Partial Match; Mutual Maybe
0029,Erotic Love Letters,communication,soft,1,role-aware,Give <-> Receive; Both <-> any,No,Erotic Love Letters (same card: compatible roles),Mutual Yes; Partial Match; Mutual Maybe
0030,Humming Vibrations,sensory,soft,1,role-aware,Give <-> Receive; Both <-> any,No,Humming Vibrations (same card: compatible roles),Mutual Yes; Partial Match; Mutual Maybe
0061,Orgasm Denial,light restraint,naughty,2,role-aware,Give <-> Receive; Both <-> any,No,Orgasm Denial (same card: compatible roles),Mutual Yes; Partial Match; Mutual Maybe
0062,Edging Together,sensory,naughty,2,role-aware,Give <-> Receive; Both <-> any,No,Edging Together (same card: compatible roles),Mutual Yes; Partial Match; Mutual Maybe
0063,Butt Plug Play,props and toys,naughty,2,role-aware,Give <-> Receive; Both <-> any,No,Butt Plug Play (same card: compatible roles),Mutual Yes; Partial Match; Mutual Maybe
0064,Dildo Play,paired play,naughty,2,role-aware,Give <-> Receive; Both <-> any,No,Dildo Play (same card: compatible roles),Mutual Yes; Partial Match; Mutual Maybe
0065,Strangers at a Bar,roleplay,naughty,2,role-aware,Give <-> Receive; Both <-> any,No,Strangers at a Bar (same card: compatible roles),Mutual Yes; Partial Match; Mutual Maybe
0066,Doctor/Patient Examination,roleplay,naughty,2,role-aware,Give <-> Receive; Both <-> any,No,Doctor/Patient Examination (same card: compatible roles),Mutual Yes; Partial Match; Mutual Maybe
0067,Strip Tease Performance,sensory,naughty,2,role-aware,Give <-> Receive; Both <-> any,No,Strip Tease Performance (same card: compatible roles),Mutual Yes; Partial Match; Mutual Maybe
0068,Lap Dance,sensory,naughty,2,role-aware,Give <-> Receive; Both <-> any,No,Lap Dance (same card: compatible roles),Mutual Yes; Partial Match; Mutual Maybe
0069,Sexting with Photos,communication,naughty,2,role-aware,Give <-> Receive; Both <-> any,No,Sexting with Photos (same card: compatible roles),Mutual Yes; Partial Match; Mutual Maybe
0070,Phone Sex,communication,naughty,2,role-aware,Give <-> Receive; Both <-> any,No,Phone Sex (same card: compatible roles),Mutual Yes; Partial Match; Mutual Maybe
0113,Pet Play,roleplay,xxx,3,role-aware,Give <-> Receive; Both <-> any,No,Pet Play (same card: compatible roles),Mutual Yes; Partial Match; Mutual Maybe
0114,Medical Play,roleplay,xxx,3,role-aware,Give <-> Receive; Both <-> any,No,Medical Play (same card: compatible roles),Mutual Yes; Partial Match; Mutual Maybe
0115,Electro Stimulation,props and toys,xxx,3,role-aware,Give <-> Receive; Both <-> any,No,Electro Stimulation (same card: compatible roles),Mutual Yes; Partial Match; Mutual Maybe
0118,Hot Wax Play,sensory,xxx,3,role-aware,Give <-> Receive; Both <-> any,No,Hot Wax Play (same card: compatible roles),Mutual Yes; Partial Match; Mutual Maybe
0119,Figging,sensory,xxx,3,role-aware,Give <-> Receive; Both <-> any,No,Figging (same card: compatible roles),Mutual Yes; Partial Match; Mutual Maybe
0031,Gentle Caressing,sensory,soft,1,role-aware,Give <-> Receive; Both <-> any,No,Gentle Caressing (same card: compatible roles),Mutual Yes; Partial Match; Mutual Maybe
0032,Forehead Kisses,communication,soft,1,role-aware,Give <-> Receive; Both <-> any,No,Forehead Kisses (same card: compatible roles),Mutual Yes; Partial Match; Mutual Maybe
0033,Intimate Hand Holding,communication,soft,1,role-aware,Give <-> Receive; Both <-> any,No,Intimate Hand Holding (same card: compatible roles),Mutual Yes; Partial Match; Mutual Maybe
0034,Soothing Foot Massage,sensory,soft,1,role-aware,Give <-> Receive; Both <-> any,No,Soothing Foot Massage (same card: compatible roles),Mutual Yes; Partial Match; Mutual Maybe
0035,Gentle Back Scratching,sensory,soft,1,role-aware,Give <-> Receive; Both <-> any,No,Gentle Back Scratching (same card: compatible roles),Mutual Yes; Partial Match; Mutual Maybe
0036,Intimate Pillow Talk,communication,soft,1,role-aware,Give <-> Receive; Both <-> any,No,Intimate Pillow Talk (same card: compatible roles),Mutual Yes; Partial Match; Mutual Maybe
0037,Morning Cuddle Session,aftercare,soft,1,role-aware,Give <-> Receive; Both <-> any,No,Morning Cuddle Session (same card: compatible roles),Mutual Yes; Partial Match; Mutual Maybe
0038,Bedtime Story,communication,soft,1,role-aware,Give <-> Receive; Both <-> any,No,Bedtime Story (same card: compatible roles),Mutual Yes; Partial Match; Mutual Maybe
0039,Sunset Watching,environment,soft,1,role-aware,Give <-> Receive; Both <-> any,No,Sunset Watching (same card: compatible roles),Mutual Yes; Partial Match; Mutual Maybe
0040,Stargazing Intimacy,environment,soft,1,role-aware,Give <-> Receive; Both <-> any,No,Stargazing Intimacy (same card: compatible roles),Mutual Yes; Partial Match; Mutual Maybe
0041,Aromatherapy Massage,sensory,soft,1,role-aware,Give <-> Receive; Both <-> any,No,Aromatherapy Massage (same card: compatible roles),Mutual Yes; Partial Match; Mutual Maybe
0042,Bubble Bath Romance,environment,soft,1,role-aware,Give <-> Receive; Both <-> any,No,Bubble Bath Romance (same card: compatible roles),Mutual Yes; Partial Match; Mutual Maybe
0043,Breakfast in Bed,sensory,soft,1,role-aware,Give <-> Receive; Both <-> any,No,Breakfast in Bed (same card: compatible roles),Mutual Yes; Partial Match; Mutual Maybe
0044,Soft Music Session,environment,soft,1,role-aware,Give <-> Receive; Both <-> any,No,Soft Music Session (same card: compatible roles),Mutual Yes; Partial Match; Mutual Maybe
0045,Relaxing Shoulder Massage,sensory,soft,1,role-aware,Give <-> Receive; Both <-> any,No,Relaxing Shoulder Massage (same card: compatible roles),Mutual Yes; Partial Match; Mutual Maybe
0046,Gentle Face Caressing,sensory,soft,1,role-aware,Give <-> Receive; Both <-> any,No,Gentle Face Caressing (same card: compatible roles),Mutual Yes; Partial Match; Mutual Maybe
0047,Comfortable Spooning,aftercare,soft,1,role-aware,Give <-> Receive; Both <-> any,No,Comfortable Spooning (same card: compatible roles),Mutual Yes; Partial Match; Mutual Maybe
0048,Sincere Compliment Session,communication,soft,1,role-aware,Give <-> Receive; Both <-> any,No,Sincere Compliment Session (same card: compatible roles),Mutual Yes; Partial Match; Mutual Maybe
0049,Romantic Walk Together,environment,soft,1,role-aware,Give <-> Receive; Both <-> any,No,Romantic Walk Together (same card: compatible roles),Mutual Yes; Partial Match; Mutual Maybe
0050,Gratitude Sharing,communication,soft,1,role-aware,Give <-> Receive; Both <-> any,No,Gratitude Sharing (same card: compatible roles),Mutual Yes; Partial Match; Mutual Maybe
0071,Video Call Intimacy,communication,naughty,2,role-aware,Give <-> Receive; Both <-> any,No,Video Call Intimacy (same card: compatible roles),Mutual Yes; Partial Match; Mutual Maybe
0072,Outdoor Quickie,environment,naughty,2,role-aware,Give <-> Receive; Both <-> any,No,Outdoor Quickie (same card: compatible roles),Mutual Yes; Partial Match; Mutual Maybe
0073,Car Intimacy,environment,naughty,2,role-aware,Give <-> Receive; Both <-> any,No,Car Intimacy (same card: compatible roles),Mutual Yes; Partial Match; Mutual Maybe
0074,Shower Head Play,environment,naughty,2,role-aware,Give <-> Receive; Both <-> any,No,Shower Head Play (same card: compatible roles),Mutual Yes; Partial Match; Mutual Maybe
0075,Food Play,sensory,naughty,2,role-aware,Give <-> Receive; Both <-> any,No,Food Play (same card: compatible roles),Mutual Yes; Partial Match; Mutual Maybe
0076,Body Paint Play,sensory,naughty,2,role-aware,Give <-> Receive; Both <-> any,No,Body Paint Play (same card: compatible roles),Mutual Yes; Partial Match; Mutual Maybe
0077,Sensual Tickling,sensory,naughty,2,role-aware,Give <-> Receive; Both <-> any,No,Sensual Tickling (same card: compatible roles),Mutual Yes; Partial Match; Mutual Maybe
0078,Sensual Scratching,sensory,naughty,2,role-aware,Give <-> Receive; Both <-> any,No,Sensual Scratching (same card: compatible roles),Mutual Yes; Partial Match; Mutual Maybe
0079,Strategic Pinching,sensory,naughty,2,role-aware,Give <-> Receive; Both <-> any,No,Strategic Pinching (same card: compatible roles),Mutual Yes; Partial Match; Mutual Maybe
0080,Temperature Play,sensory,naughty,2,role-aware,Give <-> Receive; Both <-> any,No,Temperature Play (same card: compatible roles),Mutual Yes; Partial Match; Mutual Maybe
0081,Anal Beads,props and toys,naughty,2,role-aware,Give <-> Receive; Both <-> any,No,Anal Beads (same card: compatible roles),Mutual Yes; Partial Match; Mutual Maybe
0082,Prostate Play,sensory,naughty,2,role-aware,Give <-> Receive; Both <-> any,No,Prostate Play (same card: compatible roles),Mutual Yes; Partial Match; Mutual Maybe
0083,Captor/Captive,roleplay,naughty,2,role-aware,Give <-> Receive; Both <-> any,No,Captor/Captive (same card: compatible roles),Mutual Yes; Partial Match; Mutual Maybe
0084,Superhero/Villain,roleplay,naughty,2,role-aware,Give <-> Receive; Both <-> any,No,Superhero/Villain (same card: compatible roles),Mutual Yes; Partial Match; Mutual Maybe
0085,Lingerie Show,sensory,naughty,2,role-aware,Give <-> Receive; Both <-> any,No,Lingerie Show (same card: compatible roles),Mutual Yes; Partial Match; Mutual Maybe
0086,Cross-Dressing Play,roleplay,naughty,2,role-aware,Give <-> Receive; Both <-> any,No,Cross-Dressing Play (same card: compatible roles),Mutual Yes; Partial Match; Mutual Maybe
0087,Feminization Play,roleplay,naughty,2,role-aware,Give <-> Receive; Both <-> any,No,Feminization Play (same card: compatible roles),Mutual Yes; Partial Match; Mutual Maybe
0088,Gender Play,roleplay,naughty,2,role-aware,Give <-> Receive; Both <-> any,No,Gender Play (same card: compatible roles),Mutual Yes; Partial Match; Mutual Maybe
0089,Consensual Voyeurism,sensory,naughty,2,role-aware,Give <-> Receive; Both <-> any,Yes,Consensual Voyeurism (same card: compatible roles); Consensual Exhibitionism,Mutual Yes; Partial Match; Mutual Maybe
0090,Consensual Exhibitionism,sensory,naughty,2,role-aware,Give <-> Receive; Both <-> any,Yes,Consensual Exhibitionism (same card: compatible roles); Consensual Voyeurism,Mutual Yes; Partial Match; Mutual Maybe
0126,Risky Public Exposure,environment,xxx,3,role-aware,Give <-> Receive; Both <-> any,No,Risky Public Exposure (same card: compatible roles),Mutual Yes; Partial Match; Mutual Maybe
0128,Mummification,light restraint,xxx,3,role-aware,Give <-> Receive; Both <-> any,No,Mummification (same card: compatible roles),Mutual Yes; Partial Match; Mutual Maybe
0134,Intensive Pet Training,roleplay,xxx,3,role-aware,Give <-> Receive; Both <-> any,No,Intensive Pet Training (same card: compatible roles),Mutual Yes; Partial Match; Mutual Maybe
0135,Total Power Exchange,communication,xxx,3,role-aware,Give <-> Receive; Both <-> any,No,Total Power Exchange (same card: compatible roles),Mutual Yes; Partial Match; Mutual Maybe
0138,Forced Orgasm,sensory,xxx,3,role-aware,Give <-> Receive; Both <-> any,No,Forced Orgasm (same card: compatible roles),Mutual Yes; Partial Match; Mutual Maybe
0139,Extended Orgasm Denial,light restraint,xxx,3,role-aware,Give <-> Receive; Both <-> any,No,Extended Orgasm Denial (same card: compatible roles),Mutual Yes; Partial Match; Mutual Maybe
0091,Armpit Kissing,sensory,soft,1,role-aware,Give <-> Receive; Both <-> any,No,Armpit Kissing (same card: compatible roles),Mutual Yes; Partial Match; Mutual Maybe
0092,Belly Worship,sensory,soft,1,role-aware,Give <-> Receive; Both <-> any,No,Belly Worship (same card: compatible roles),Mutual Yes; Partial Match; Mutual Maybe
0093,Thigh Kissing,sensory,soft,1,role-aware,Give <-> Receive; Both <-> any,No,Thigh Kissing (same card: compatible roles),Mutual Yes; Partial Match; Mutual Maybe
0094,Ear Lobe Nibbling,sensory,soft,1,role-aware,Give <-> Receive; Both <-> any,No,Ear Lobe Nibbling (same card: compatible roles),Mutual Yes; Partial Match; Mutual Maybe
0095,Finger Sucking,sensory,soft,1,role-aware,Give <-> Receive; Both <-> any,No,Finger Sucking (same card: compatible roles),Mutual Yes; Partial Match; Mutual Maybe
0096,Collaring,paired play,naughty,2,role-aware,Give <-> Receive; Both <-> any,No,Collaring (same card: compatible roles),Mutual Yes; Partial Match; Mutual Maybe
0097,Leash Play,paired play,naughty,2,role-aware,Give <-> Receive; Both <-> any,No,Leash Play (same card: compatible roles),Mutual Yes; Partial Match; Mutual Maybe
0098,Paddle Spanking,paired play,naughty,2,role-aware,Give <-> Receive; Both <-> any,No,Paddle Spanking (same card: compatible roles),Mutual Yes; Partial Match; Mutual Maybe
0099,Flogging,light restraint,naughty,2,role-aware,Give <-> Receive; Both <-> any,No,Flogging (same card: compatible roles),Mutual Yes; Partial Match; Mutual Maybe
0100,Candle Wax Play,sensory,naughty,2,role-aware,Give <-> Receive; Both <-> any,No,Candle Wax Play (same card: compatible roles),Mutual Yes; Partial Match; Mutual Maybe
0141,Gang Bang Fantasy,group,xxx,3,role-aware,Give <-> Receive; Both <-> any,No,Gang Bang Fantasy (same card: compatible roles),Mutual Yes; Partial Match; Mutual Maybe
0142,Cuckolding Fantasy,communication,xxx,3,role-aware,Give <-> Receive; Both <-> any,Yes,Cuckolding Fantasy (same card: compatible roles); Hotwife Fantasy,Mutual Yes; Partial Match; Mutual Maybe
0143,Hotwife Fantasy,communication,xxx,3,role-aware,Give <-> Receive; Both <-> any,Yes,Hotwife Fantasy (same card: compatible roles); Cuckolding Fantasy,Mutual Yes; Partial Match; Mutual Maybe
0144,Swinging Fantasy,group,xxx,3,role-aware,Give <-> Receive; Both <-> any,No,Swinging Fantasy (same card: compatible roles),Mutual Yes; Partial Match; Mutual Maybe
0145,Polyamory Discussion,communication,xxx,3,role-aware,Give <-> Receive; Both <-> any,No,Polyamory Discussion (same card: compatible roles),Mutual Yes; Partial Match; Mutual Maybe
0147,Inflation Play,props and toys,xxx,3,role-aware,Give <-> Receive; Both <-> any,No,Inflation Play (same card: compatible roles),Mutual Yes; Partial Match; Mutual Maybe
0151,Light Spanking,paired play,naughty,2,role-aware,Give <-> Receive; Both <-> any,No,Light Spanking (same card: compatible roles),Mutual Yes; Partial Match; Mutual Maybe
0153,Handcuffs,paired play,naughty,2,role-aware,Give <-> Receive; Both <-> any,No,Handcuffs (same card: compatible roles),Mutual Yes; Partial Match; Mutual Maybe
0155,Vibrator Play,paired play,naughty,2,role-aware,Give <-> Receive; Both <-> any,No,Vibrator Play (same card: compatible roles),Mutual Yes; Partial Match; Mutual Maybe
0157,Nipple Clamps,paired play,naughty,2,role-aware,Give <-> Receive; Both <-> any,No,Nipple Clamps (same card: compatible roles),Mutual Yes; Partial Match; Mutual Maybe
0159,Latex or Leather Fetish,sensory,naughty,2,role-aware,Give <-> Receive; Both <-> any,No,Latex or Leather Fetish (same card: compatible roles),Mutual Yes; Partial Match; Mutual Maybe
0160,Foot Worship,paired play,naughty,2,role-aware,Give <-> Receive; Both <-> any,No,Foot Worship (same card: compatible roles),Mutual Yes; Partial Match; Mutual Maybe
0161,Cock & Ball Teasing,sensory,xxx,3,role-aware,Give <-> Receive; Both <-> any,No,Cock & Ball Teasing (same card: compatible roles),Mutual Yes; Partial Match; Mutual Maybe
0162,Gag Play,light restraint,xxx,3,role-aware,Give <-> Receive; Both <-> any,No,Gag Play (same card: compatible roles),Mutual Yes; Partial Match; Mutual Maybe
0163,Edge Play Boundaries,communication,xxx,3,role-aware,Give <-> Receive; Both <-> any,No,Edge Play Boundaries (same card: compatible roles),Mutual Yes; Partial Match; Mutual Maybe
0164,Bisexual Fantasy Roleplay,roleplay,xxx,3,role-aware,Give <-> Receive; Both <-> any,No,Bisexual Fantasy Roleplay (same card: compatible roles),Mutual Yes; Partial Match; Mutual Maybe
0165,Forniphilia,roleplay,xxx,3,role-aware,Give <-> Receive; Both <-> any,No,Forniphilia (same card: compatible roles),Mutual Yes; Partial Match; Mutual Maybe
0166,Cum Play,sensory,xxx,3,role-aware,Give <-> Receive; Both <-> any,No,Cum Play (same card: compatible roles),Mutual Yes; Partial Match; Mutual Maybe
0167,Bukkake Fantasy,group,xxx,3,role-aware,Give <-> Receive; Both <-> any,No,Bukkake Fantasy (same card: compatible roles),Mutual Yes; Partial Match; Mutual Maybe
0168,Cum on Clothes,sensory,xxx,3,role-aware,Give <-> Receive; Both <-> any,No,Cum on Clothes (same card: compatible roles),Mutual Yes; Partial Match; Mutual Maybe
0169,Lactation Fantasy,sensory,xxx,3,role-aware,Give <-> Receive; Both <-> any,No,Lactation Fantasy (same card: compatible roles),Mutual Yes; Partial Match; Mutual Maybe
0170,Saliva Play,sensory,xxx,3,role-aware,Give <-> Receive; Both <-> any,No,Saliva Play (same card: compatible roles),Mutual Yes; Partial Match; Mutual Maybe
0171,Breast Expansion Fantasy,roleplay,naughty,2,role-aware,Give <-> Receive; Both <-> any,No,Breast Expansion Fantasy (same card: compatible roles),Mutual Yes; Partial Match; Mutual Maybe
0172,Belly Expansion Fantasy,roleplay,naughty,2,role-aware,Give <-> Receive; Both <-> any,No,Belly Expansion Fantasy (same card: compatible roles),Mutual Yes; Partial Match; Mutual Maybe
0173,Consensual Public Touch Fantasy,environment,xxx,3,role-aware,Give <-> Receive; Both <-> any,No,Consensual Public Touch Fantasy (same card: compatible roles),Mutual Yes; Partial Match; Mutual Maybe
0174,Dogging Fantasy,environment,xxx,3,role-aware,Give <-> Receive; Both <-> any,No,Dogging Fantasy (same card: compatible roles),Mutual Yes; Partial Match; Mutual Maybe
0175,Swingers Club Spectating,group,xxx,3,role-aware,Give <-> Receive; Both <-> any,No,Swingers Club Spectating (same card: compatible roles),Mutual Yes; Partial Match; Mutual Maybe
0176,Gloryhole Fantasy,roleplay,xxx,3,role-aware,Give <-> Receive; Both <-> any,No,Gloryhole Fantasy (same card: compatible roles),Mutual Yes; Partial Match; Mutual Maybe
0177,Blindfolded Exhibitionism,sensory,xxx,3,role-aware,Give <-> Receive; Both <-> any,No,Blindfolded Exhibitionism (same card: compatible roles),Mutual Yes; Partial Match; Mutual Maybe
0178,Dare Play,communication,naughty,2,role-aware,Give <-> Receive; Both <-> any,No,Dare Play (same card: compatible roles),Mutual Yes; Partial Match; Mutual Maybe
0179,Uniform Fetish,roleplay,naughty,2,role-aware,Give <-> Receive; Both <-> any,No,Uniform Fetish (same card: compatible roles),Mutual Yes; Partial Match; Mutual Maybe
0180,FMM Threesome Fantasy,group,xxx,3,role-aware,Give <-> Receive; Both <-> any,No,FMM Threesome Fantasy (same card: compatible roles),Mutual Yes; Partial Match; Mutual Maybe
0181,FFM Threesome Fantasy,group,xxx,3,role-aware,Give <-> Receive; Both <-> any,No,FFM Threesome Fantasy (same card: compatible roles),Mutual Yes; Partial Match; Mutual Maybe
0182,Bed-Sharing Fantasy,environment,naughty,2,role-aware,Give <-> Receive; Both <-> any,No,Bed-Sharing Fantasy (same card: compatible roles),Mutual Yes; Partial Match; Mutual Maybe
0183,Sleepy Wake-Up Fantasy,roleplay,xxx,3,role-aware,Give <-> Receive; Both <-> any,No,Sleepy Wake-Up Fantasy (same card: compatible roles),Mutual Yes; Partial Match; Mutual Maybe
0184,Travel Sex,environment,naughty,2,role-aware,Give <-> Receive; Both <-> any,No,Travel Sex (same card: compatible roles),Mutual Yes; Partial Match; Mutual Maybe
0185,Bar or Club Sex Fantasy,environment,xxx,3,role-aware,Give <-> Receive; Both <-> any,No,Bar or Club Sex Fantasy (same card: compatible roles),Mutual Yes; Partial Match; Mutual Maybe
0186,Barebacking Discussion,communication,xxx,3,role-aware,Give <-> Receive; Both <-> any,No,Barebacking Discussion (same card: compatible roles),Mutual Yes; Partial Match; Mutual Maybe
0187,Genital Humiliation,communication,xxx,3,role-aware,Give <-> Receive; Both <-> any,No,Genital Humiliation (same card: compatible roles),Mutual Yes; Partial Match; Mutual Maybe
0188,Public Humiliation Fantasy,communication,xxx,3,role-aware,Give <-> Receive; Both <-> any,No,Public Humiliation Fantasy (same card: compatible roles),Mutual Yes; Partial Match; Mutual Maybe
0189,Seduction Play,roleplay,naughty,2,role-aware,Give <-> Receive; Both <-> any,No,Seduction Play (same card: compatible roles),Mutual Yes; Partial Match; Mutual Maybe
0190,Blindfolded Group Play Fantasy,group,xxx,3,role-aware,Give <-> Receive; Both <-> any,No,Blindfolded Group Play Fantasy (same card: compatible roles),Mutual Yes; Partial Match; Mutual Maybe
0191,Kinky Events,communication,naughty,2,role-aware,Give <-> Receive; Both <-> any,No,Kinky Events (same card: compatible roles),Mutual Yes; Partial Match; Mutual Maybe
0192,Aftercare Ritual,aftercare,soft,1,role-aware,Give <-> Receive; Both <-> any,No,Aftercare Ritual (same card: compatible roles),Mutual Yes; Partial Match; Mutual Maybe
0193,Arousal Play,sensory,naughty,2,role-aware,Give <-> Receive; Both <-> any,No,Arousal Play (same card: compatible roles),Mutual Yes; Partial Match; Mutual Maybe
0194,Breeding Kink,communication,xxx,3,role-aware,Give <-> Receive; Both <-> any,No,Breeding Kink (same card: compatible roles),Mutual Yes; Partial Match; Mutual Maybe
0195,Foam or Bubble Fetish,sensory,soft,1,role-aware,Give <-> Receive; Both <-> any,No,Foam or Bubble Fetish (same card: compatible roles),Mutual Yes; Partial Match; Mutual Maybe
0196,Nudism,environment,soft,1,role-aware,Give <-> Receive; Both <-> any,No,Nudism (same card: compatible roles),Mutual Yes; Partial Match; Mutual Maybe
0197,Watching Male-Male Porn Together,communication,naughty,2,role-aware,Give <-> Receive; Both <-> any,No,Watching Male-Male Porn Together (same card: compatible roles),Mutual Yes; Partial Match; Mutual Maybe
0198,Watching Female-Female Porn Together,communication,naughty,2,role-aware,Give <-> Receive; Both <-> any,No,Watching Female-Female Porn Together (same card: compatible roles),Mutual Yes; Partial Match; Mutual Maybe
0199,Service Submission,communication,naughty,2,role-aware,Give <-> Receive; Both <-> any,Yes,Service Submission (same card: compatible roles); Service Topping,Mutual Yes; Partial Match; Mutual Maybe
0200,Service Topping,communication,naughty,2,role-aware,Give <-> Receive; Both <-> any,Yes,Service Topping (same card: compatible roles); Service Submission,Mutual Yes; Partial Match; Mutual Maybe
0201,Praise Kink,paired play,soft,1,role-aware,Give <-> Receive; Both <-> any,No,Praise Kink (same card: compatible roles),Mutual Yes; Partial Match; Mutual Maybe
0202,Rules and Rituals,communication,naughty,2,role-aware,Give <-> Receive; Both <-> any,No,Rules and Rituals (same card: compatible roles),Mutual Yes; Partial Match; Mutual Maybe
0203,Low-Protocol D/s,communication,naughty,2,role-aware,Give <-> Receive; Both <-> any,No,Low-Protocol D/s (same card: compatible roles),Mutual Yes; Partial Match; Mutual Maybe
0204,High-Protocol Fantasy,roleplay,xxx,3,role-aware,Give <-> Receive; Both <-> any,No,High-Protocol Fantasy (same card: compatible roles),Mutual Yes; Partial Match; Mutual Maybe
0205,Permission Play,communication,naughty,2,role-aware,Give <-> Receive; Both <-> any,No,Permission Play (same card: compatible roles),Mutual Yes; Partial Match; Mutual Maybe
0206,Task-Based Teasing,communication,naughty,2,role-aware,Give <-> Receive; Both <-> any,No,Task-Based Teasing (same card: compatible roles),Mutual Yes; Partial Match; Mutual Maybe
0207,Obedience Games,communication,naughty,2,role-aware,Give <-> Receive; Both <-> any,No,Obedience Games (same card: compatible roles),Mutual Yes; Partial Match; Mutual Maybe
0208,Reward System,communication,naughty,2,role-aware,Give <-> Receive; Both <-> any,No,Reward System (same card: compatible roles),Mutual Yes; Partial Match; Mutual Maybe
0209,Brat Taming,roleplay,naughty,2,role-aware,Give <-> Receive; Both <-> any,No,Brat Taming (same card: compatible roles),Mutual Yes; Partial Match; Mutual Maybe
0210,Gentle Discipline,communication,naughty,2,role-aware,Give <-> Receive; Both <-> any,No,Gentle Discipline (same card: compatible roles),Mutual Yes; Partial Match; Mutual Maybe
0211,Scene Negotiation,communication,soft,1,role-aware,Give <-> Receive; Both <-> any,No,Scene Negotiation (same card: compatible roles),Mutual Yes; Partial Match; Mutual Maybe
0212,Safeword Practice,communication,soft,1,role-aware,Give <-> Receive; Both <-> any,No,Safeword Practice (same card: compatible roles),Mutual Yes; Partial Match; Mutual Maybe
0213,Check-In Pauses,communication,soft,1,role-aware,Give <-> Receive; Both <-> any,No,Check-In Pauses (same card: compatible roles),Mutual Yes; Partial Match; Mutual Maybe
0214,Aftercare Kit,aftercare,soft,1,role-aware,Give <-> Receive; Both <-> any,No,Aftercare Kit (same card: compatible roles),Mutual Yes; Partial Match; Mutual Maybe
0215,Subspace Aftercare,aftercare,naughty,2,role-aware,Give <-> Receive; Both <-> any,Yes,Subspace Aftercare (same card: compatible roles); Domspace Aftercare,Mutual Yes; Partial Match; Mutual Maybe
0216,Domspace Aftercare,aftercare,naughty,2,role-aware,Give <-> Receive; Both <-> any,Yes,Domspace Aftercare (same card: compatible roles); Subspace Aftercare,Mutual Yes; Partial Match; Mutual Maybe
0217,Collar of Consideration,light restraint,naughty,2,role-aware,Give <-> Receive; Both <-> any,No,Collar of Consideration (same card: compatible roles),Mutual Yes; Partial Match; Mutual Maybe
0218,Posture Training,roleplay,naughty,2,role-aware,Give <-> Receive; Both <-> any,No,Posture Training (same card: compatible roles),Mutual Yes; Partial Match; Mutual Maybe
0219,Kneeling Rituals,roleplay,naughty,2,role-aware,Give <-> Receive; Both <-> any,No,Kneeling Rituals (same card: compatible roles),Mutual Yes; Partial Match; Mutual Maybe
0220,Honorifics,communication,naughty,2,role-aware,Give <-> Receive; Both <-> any,No,Honorifics (same card: compatible roles),Mutual Yes; Partial Match; Mutual Maybe
0221,Body Worship,sensory,naughty,2,role-aware,Give <-> Receive; Both <-> any,No,Body Worship (same card: compatible roles),Mutual Yes; Partial Match; Mutual Maybe
0222,Hand Worship,sensory,soft,1,role-aware,Give <-> Receive; Both <-> any,No,Hand Worship (same card: compatible roles),Mutual Yes; Partial Match; Mutual Maybe
0223,Voice Arousal,communication,soft,1,role-aware,Give <-> Receive; Both <-> any,No,Voice Arousal (same card: compatible roles),Mutual Yes; Partial Match; Mutual Maybe
0224,Audio Erotica Together,communication,naughty,2,role-aware,Give <-> Receive; Both <-> any,No,Audio Erotica Together (same card: compatible roles),Mutual Yes; Partial Match; Mutual Maybe
0225,Earplug Sensory Play,sensory,naughty,2,role-aware,Give <-> Receive; Both <-> any,No,Earplug Sensory Play (same card: compatible roles),Mutual Yes; Partial Match; Mutual Maybe
0226,Textured Gloves,sensory,soft,1,role-aware,Give <-> Receive; Both <-> any,No,Textured Gloves (same card: compatible roles),Mutual Yes; Partial Match; Mutual Maybe
0227,Satin Sheets,sensory,soft,1,role-aware,Give <-> Receive; Both <-> any,No,Satin Sheets (same card: compatible roles),Mutual Yes; Partial Match; Mutual Maybe
0228,Stocking Fetish,sensory,naughty,2,role-aware,Give <-> Receive; Both <-> any,No,Stocking Fetish (same card: compatible roles),Mutual Yes; Partial Match; Mutual Maybe
0229,Corset Fetish,sensory,naughty,2,role-aware,Give <-> Receive; Both <-> any,No,Corset Fetish (same card: compatible roles),Mutual Yes; Partial Match; Mutual Maybe
0230,Shoe Fetish,sensory,naughty,2,role-aware,Give <-> Receive; Both <-> any,No,Shoe Fetish (same card: compatible roles),Mutual Yes; Partial Match; Mutual Maybe
0231,Perfume and Scent Play,sensory,soft,1,role-aware,Give <-> Receive; Both <-> any,No,Perfume and Scent Play (same card: compatible roles),Mutual Yes; Partial Match; Mutual Maybe
0232,Sweat and Musk Appreciation,sensory,naughty,2,role-aware,Give <-> Receive; Both <-> any,No,Sweat and Musk Appreciation (same card: compatible roles),Mutual Yes; Partial Match; Mutual Maybe
0233,Towel Restraint,light restraint,naughty,2,role-aware,Give <-> Receive; Both <-> any,No,Towel Restraint (same card: compatible roles),Mutual Yes; Partial Match; Mutual Maybe
0234,Bed Restraints,light restraint,naughty,2,role-aware,Give <-> Receive; Both <-> any,No,Bed Restraints (same card: compatible roles),Mutual Yes; Partial Match; Mutual Maybe
0235,Decorative Shibari,light restraint,naughty,2,role-aware,Give <-> Receive; Both <-> any,No,Decorative Shibari (same card: compatible roles),Mutual Yes; Partial Match; Mutual Maybe
0236,Rope Harness,light restraint,naughty,2,role-aware,Give <-> Receive; Both <-> any,No,Rope Harness (same card: compatible roles),Mutual Yes; Partial Match; Mutual Maybe
0237,Rope Bunny Role,light restraint,naughty,2,role-aware,Give <-> Receive; Both <-> any,Yes,Rope Bunny Role (same card: compatible roles); Rigger Role,Mutual Yes; Partial Match; Mutual Maybe
0238,Rigger Role,light restraint,naughty,2,role-aware,Give <-> Receive; Both <-> any,Yes,Rigger Role (same card: compatible roles); Rope Bunny Role,Mutual Yes; Partial Match; Mutual Maybe
0239,Spreader Bar Fantasy,light restraint,xxx,3,role-aware,Give <-> Receive; Both <-> any,No,Spreader Bar Fantasy (same card: compatible roles),Mutual Yes; Partial Match; Mutual Maybe
0240,Light Ankle Restraints,light restraint,naughty,2,role-aware,Give <-> Receive; Both <-> any,No,Light Ankle Restraints (same card: compatible roles),Mutual Yes; Partial Match; Mutual Maybe
0241,Over-the-Clothes Teasing,sensory,naughty,2,role-aware,Give <-> Receive; Both <-> any,No,Over-the-Clothes Teasing (same card: compatible roles),Mutual Yes; Partial Match; Mutual Maybe
0242,Clothed Intimacy,sensory,naughty,2,role-aware,Give <-> Receive; Both <-> any,No,Clothed Intimacy (same card: compatible roles),Mutual Yes; Partial Match; Mutual Maybe
0243,Clothed Domination,roleplay,naughty,2,role-aware,Give <-> Receive; Both <-> any,No,Clothed Domination (same card: compatible roles),Mutual Yes; Partial Match; Mutual Maybe
0244,Lingerie Shopping Together,communication,soft,1,role-aware,Give <-> Receive; Both <-> any,No,Lingerie Shopping Together (same card: compatible roles),Mutual Yes; Partial Match; Mutual Maybe
0245,Outfit Reveal,sensory,naughty,2,role-aware,Give <-> Receive; Both <-> any,No,Outfit Reveal (same card: compatible roles),Mutual Yes; Partial Match; Mutual Maybe
0246,Mask Play,roleplay,naughty,2,role-aware,Give <-> Receive; Both <-> any,No,Mask Play (same card: compatible roles),Mutual Yes; Partial Match; Mutual Maybe
0247,Masquerade Roleplay,roleplay,naughty,2,role-aware,Give <-> Receive; Both <-> any,No,Masquerade Roleplay (same card: compatible roles),Mutual Yes; Partial Match; Mutual Maybe
0248,Cosplay Roleplay,roleplay,naughty,2,role-aware,Give <-> Receive; Both <-> any,No,Cosplay Roleplay (same card: compatible roles),Mutual Yes; Partial Match; Mutual Maybe
0249,Photographer and Model Roleplay,roleplay,naughty,2,role-aware,Give <-> Receive; Both <-> any,No,Photographer and Model Roleplay (same card: compatible roles),Mutual Yes; Partial Match; Mutual Maybe
0250,Artist and Muse Roleplay,roleplay,soft,1,role-aware,Give <-> Receive; Both <-> any,No,Artist and Muse Roleplay (same card: compatible roles),Mutual Yes; Partial Match; Mutual Maybe
0251,Royal and Servant Roleplay,roleplay,naughty,2,role-aware,Give <-> Receive; Both <-> any,No,Royal and Servant Roleplay (same card: compatible roles),Mutual Yes; Partial Match; Mutual Maybe
0252,Detective Interview Roleplay,roleplay,naughty,2,role-aware,Give <-> Receive; Both <-> any,No,Detective Interview Roleplay (same card: compatible roles),Mutual Yes; Partial Match; Mutual Maybe
0253,Vacation Fling Roleplay,roleplay,naughty,2,role-aware,Give <-> Receive; Both <-> any,No,Vacation Fling Roleplay (same card: compatible roles),Mutual Yes; Partial Match; Mutual Maybe
0254,Hotel Room Fantasy,environment,naughty,2,role-aware,Give <-> Receive; Both <-> any,No,Hotel Room Fantasy (same card: compatible roles),Mutual Yes; Partial Match; Mutual Maybe
0255,After-Hours Office Fantasy,roleplay,naughty,2,role-aware,Give <-> Receive; Both <-> any,No,After-Hours Office Fantasy (same card: compatible roles),Mutual Yes; Partial Match; Mutual Maybe
0256,Elevator Fantasy,environment,naughty,2,role-aware,Give <-> Receive; Both <-> any,No,Elevator Fantasy (same card: compatible roles),Mutual Yes; Partial Match; Mutual Maybe
0257,Private Balcony Fantasy,environment,naughty,2,role-aware,Give <-> Receive; Both <-> any,No,Private Balcony Fantasy (same card: compatible roles),Mutual Yes; Partial Match; Mutual Maybe
0258,Kitchen Counter Fantasy,environment,naughty,2,role-aware,Give <-> Receive; Both <-> any,No,Kitchen Counter Fantasy (same card: compatible roles),Mutual Yes; Partial Match; Mutual Maybe
0259,Couch Play,environment,soft,1,role-aware,Give <-> Receive; Both <-> any,No,Couch Play (same card: compatible roles),Mutual Yes; Partial Match; Mutual Maybe
0260,Floor Play,environment,soft,1,role-aware,Give <-> Receive; Both <-> any,No,Floor Play (same card: compatible roles),Mutual Yes; Partial Match; Mutual Maybe
0261,Mirror Sex,sensory,naughty,2,role-aware,Give <-> Receive; Both <-> any,No,Mirror Sex (same card: compatible roles),Mutual Yes; Partial Match; Mutual Maybe
0262,Mutual Porn Picks,communication,naughty,2,role-aware,Give <-> Receive; Both <-> any,No,Mutual Porn Picks (same card: compatible roles),Mutual Yes; Partial Match; Mutual Maybe
0263,Remote-Control Toy,props and toys,naughty,2,role-aware,Give <-> Receive; Both <-> any,No,Remote-Control Toy (same card: compatible roles),Mutual Yes; Partial Match; Mutual Maybe
0264,Toy Shopping Together,communication,soft,1,role-aware,Give <-> Receive; Both <-> any,No,Toy Shopping Together (same card: compatible roles),Mutual Yes; Partial Match; Mutual Maybe
0265,Strap-On Discussion,communication,naughty,2,role-aware,Give <-> Receive; Both <-> any,No,Strap-On Discussion (same card: compatible roles),Mutual Yes; Partial Match; Mutual Maybe
0266,Pegging Discussion,communication,naughty,2,role-aware,Give <-> Receive; Both <-> any,No,Pegging Discussion (same card: compatible roles),Mutual Yes; Partial Match; Mutual Maybe
0267,Anal Training Boundaries,communication,naughty,2,role-aware,Give <-> Receive; Both <-> any,No,Anal Training Boundaries (same card: compatible roles),Mutual Yes; Partial Match; Mutual Maybe
0268,Soft Swap Discussion,communication,xxx,3,role-aware,Give <-> Receive; Both <-> any,No,Soft Swap Discussion (same card: compatible roles),Mutual Yes; Partial Match; Mutual Maybe
0269,Watching Partner Flirt,communication,naughty,2,role-aware,Give <-> Receive; Both <-> any,No,Watching Partner Flirt (same card: compatible roles),Mutual Yes; Partial Match; Mutual Maybe
0270,Compersion Talk,communication,naughty,2,role-aware,Give <-> Receive; Both <-> any,No,Compersion Talk (same card: compatible roles),Mutual Yes; Partial Match; Mutual Maybe
0271,Play Party Boundaries,communication,naughty,2,role-aware,Give <-> Receive; Both <-> any,No,Play Party Boundaries (same card: compatible roles),Mutual Yes; Partial Match; Mutual Maybe
0272,Munch Date,communication,soft,1,role-aware,Give <-> Receive; Both <-> any,No,Munch Date (same card: compatible roles),Mutual Yes; Partial Match; Mutual Maybe
0273,Audio Message Teasing,communication,naughty,2,role-aware,Give <-> Receive; Both <-> any,No,Audio Message Teasing (same card: compatible roles),Mutual Yes; Partial Match; Mutual Maybe
0274,Voice Note Dares,communication,naughty,2,role-aware,Give <-> Receive; Both <-> any,No,Voice Note Dares (same card: compatible roles),Mutual Yes; Partial Match; Mutual Maybe
0275,Remote Date Night,communication,naughty,2,role-aware,Give <-> Receive; Both <-> any,No,Remote Date Night (same card: compatible roles),Mutual Yes; Partial Match; Mutual Maybe
0276,Shared Fantasy Journal,communication,soft,1,role-aware,Give <-> Receive; Both <-> any,No,Shared Fantasy Journal (same card: compatible roles),Mutual Yes; Partial Match; Mutual Maybe
0290,Strap-On Play,paired play,naughty,2,role-aware,Give <-> Receive; Both <-> any,No,Strap-On Play (same card: compatible roles),Mutual Yes; Partial Match; Mutual Maybe
0292,Pegging,paired play,naughty,2,role-aware,Give <-> Receive; Both <-> any,No,Pegging (same card: compatible roles),Mutual Yes; Partial Match; Mutual Maybe
0294,Manual Stimulation,paired play,naughty,1,role-aware,Give <-> Receive; Both <-> any,No,Manual Stimulation (same card: compatible roles),Mutual Yes; Partial Match; Mutual Maybe
0296,Face Sitting,paired play,naughty,2,role-aware,Give <-> Receive; Both <-> any,No,Face Sitting (same card: compatible roles),Mutual Yes; Partial Match; Mutual Maybe
0298,Primal Play,paired play,naughty,2,role-aware,Give <-> Receive; Both <-> any,No,Primal Play (same card: compatible roles),Mutual Yes; Partial Match; Mutual Maybe
0300,Riding Crop,paired play,naughty,2,role-aware,Give <-> Receive; Both <-> any,No,Riding Crop (same card: compatible roles),Mutual Yes; Partial Match; Mutual Maybe
0302,Caning,paired play,xxx,3,role-aware,Give <-> Receive; Both <-> any,No,Caning (same card: compatible roles),Mutual Yes; Partial Match; Mutual Maybe
0304,Consensual Face Slapping,paired play,naughty,2,role-aware,Give <-> Receive; Both <-> any,No,Consensual Face Slapping (same card: compatible roles),Mutual Yes; Partial Match; Mutual Maybe
0306,Pinwheel Sensation,paired play,naughty,2,role-aware,Give <-> Receive; Both <-> any,No,Pinwheel Sensation (same card: compatible roles),Mutual Yes; Partial Match; Mutual Maybe
0308,Ass Worship,paired play,naughty,2,role-aware,Give <-> Receive; Both <-> any,No,Ass Worship (same card: compatible roles),Mutual Yes; Partial Match; Mutual Maybe
0310,Partner Yoga,sensory,soft,1,role-aware,Give <-> Receive; Both <-> any,No,Partner Yoga (same card: compatible roles),Mutual Yes; Partial Match; Mutual Maybe
0311,Washing Each Other's Hair,sensory,soft,1,role-aware,Give <-> Receive; Both <-> any,No,Washing Each Other's Hair (same card: compatible roles),Mutual Yes; Partial Match; Mutual Maybe
0312,Body Art Appreciation,sensory,soft,1,role-aware,Give <-> Receive; Both <-> any,No,Body Art Appreciation (same card: compatible roles),Mutual Yes; Partial Match; Mutual Maybe
0313,Lap Pillow Rest,aftercare,soft,1,role-aware,Give <-> Receive; Both <-> any,No,Lap Pillow Rest (same card: compatible roles),Mutual Yes; Partial Match; Mutual Maybe
0314,Intimacy Bucket List,communication,soft,1,role-aware,Give <-> Receive; Both <-> any,No,Intimacy Bucket List (same card: compatible roles),Mutual Yes; Partial Match; Mutual Maybe
0315,Muscle Appreciation,sensory,soft,1,role-aware,Give <-> Receive; Both <-> any,No,Muscle Appreciation (same card: compatible roles),Mutual Yes; Partial Match; Mutual Maybe
0316,Necktie Restraints,light restraint,soft,1,role-aware,Give <-> Receive; Both <-> any,No,Necktie Restraints (same card: compatible roles),Mutual Yes; Partial Match; Mutual Maybe
0317,Mutual Oral (69),sensory,naughty,2,role-aware,Give <-> Receive; Both <-> any,No,Mutual Oral (69) (same card: compatible roles),Mutual Yes; Partial Match; Mutual Maybe
0318,Grinding & Dry Humping,sensory,naughty,2,role-aware,Give <-> Receive; Both <-> any,No,Grinding & Dry Humping (same card: compatible roles),Mutual Yes; Partial Match; Mutual Maybe
0319,Breast & Cleavage Play,sensory,naughty,2,role-aware,Give <-> Receive; Both <-> any,No,Breast & Cleavage Play (same card: compatible roles),Mutual Yes; Partial Match; Mutual Maybe
0320,Pinned Against the Wall,environment,naughty,2,role-aware,Give <-> Receive; Both <-> any,No,Pinned Against the Wall (same card: compatible roles),Mutual Yes; Partial Match; Mutual Maybe
0321,Standing Positions,environment,naughty,2,role-aware,Give <-> Receive; Both <-> any,No,Standing Positions (same card: compatible roles),Mutual Yes; Partial Match; Mutual Maybe
0322,Cock Ring Play,props and toys,naughty,2,role-aware,Give <-> Receive; Both <-> any,No,Cock Ring Play (same card: compatible roles),Mutual Yes; Partial Match; Mutual Maybe
0323,Ben Wa Balls,props and toys,naughty,2,role-aware,Give <-> Receive; Both <-> any,No,Ben Wa Balls (same card: compatible roles),Mutual Yes; Partial Match; Mutual Maybe
0324,Sex Swing Fantasy,props and toys,naughty,2,role-aware,Give <-> Receive; Both <-> any,No,Sex Swing Fantasy (same card: compatible roles),Mutual Yes; Partial Match; Mutual Maybe
0325,Recording Ourselves,communication,naughty,2,role-aware,Give <-> Receive; Both <-> any,No,Recording Ourselves (same card: compatible roles),Mutual Yes; Partial Match; Mutual Maybe
0326,Strip Card Game,communication,naughty,1,role-aware,Give <-> Receive; Both <-> any,No,Strip Card Game (same card: compatible roles),Mutual Yes; Partial Match; Mutual Maybe
0327,Sexy Dice Game,communication,naughty,1,role-aware,Give <-> Receive; Both <-> any,No,Sexy Dice Game (same card: compatible roles),Mutual Yes; Partial Match; Mutual Maybe
0328,Body Shots,sensory,naughty,1,role-aware,Give <-> Receive; Both <-> any,No,Body Shots (same card: compatible roles),Mutual Yes; Partial Match; Mutual Maybe
0329,Size Difference Play,roleplay,naughty,2,role-aware,Give <-> Receive; Both <-> any,No,Size Difference Play (same card: compatible roles),Mutual Yes; Partial Match; Mutual Maybe
0330,Maid & Employer Roleplay,roleplay,naughty,2,role-aware,Give <-> Receive; Both <-> any,No,Maid & Employer Roleplay (same card: compatible roles),Mutual Yes; Partial Match; Mutual Maybe
0331,Personal Trainer Roleplay,roleplay,naughty,2,role-aware,Give <-> Receive; Both <-> any,No,Personal Trainer Roleplay (same card: compatible roles),Mutual Yes; Partial Match; Mutual Maybe
0332,Massage Therapist Roleplay,roleplay,naughty,2,role-aware,Give <-> Receive; Both <-> any,No,Massage Therapist Roleplay (same card: compatible roles),Mutual Yes; Partial Match; Mutual Maybe
0333,Delivery Driver Fantasy,roleplay,naughty,2,role-aware,Give <-> Receive; Both <-> any,No,Delivery Driver Fantasy (same card: compatible roles),Mutual Yes; Partial Match; Mutual Maybe
0334,Interrogation Roleplay,roleplay,naughty,2,role-aware,Give <-> Receive; Both <-> any,No,Interrogation Roleplay (same card: compatible roles),Mutual Yes; Partial Match; Mutual Maybe
0335,Rivals to Lovers Roleplay,roleplay,naughty,2,role-aware,Give <-> Receive; Both <-> any,No,Rivals to Lovers Roleplay (same card: compatible roles),Mutual Yes; Partial Match; Mutual Maybe
0336,Glasses & Librarian Fetish,roleplay,naughty,1,role-aware,Give <-> Receive; Both <-> any,No,Glasses & Librarian Fetish (same card: compatible roles),Mutual Yes; Partial Match; Mutual Maybe
0337,Wet Clothes Play,sensory,naughty,2,role-aware,Give <-> Receive; Both <-> any,No,Wet Clothes Play (same card: compatible roles),Mutual Yes; Partial Match; Mutual Maybe
0338,Funishment Play,roleplay,naughty,2,role-aware,Give <-> Receive; Both <-> any,No,Funishment Play (same card: compatible roles),Mutual Yes; Partial Match; Mutual Maybe
0339,Goddess & Deity Worship,roleplay,naughty,2,role-aware,Give <-> Receive; Both <-> any,No,Goddess & Deity Worship (same card: compatible roles),Mutual Yes; Partial Match; Mutual Maybe
0340,Hogtie Fantasy,light restraint,xxx,3,role-aware,Give <-> Receive; Both <-> any,No,Hogtie Fantasy (same card: compatible roles),Mutual Yes; Partial Match; Mutual Maybe
0341,Predicament Bondage,light restraint,xxx,3,role-aware,Give <-> Receive; Both <-> any,No,Predicament Bondage (same card: compatible roles),Mutual Yes; Partial Match; Mutual Maybe
0342,Sensory Deprivation Hood,light restraint,xxx,3,role-aware,Give <-> Receive; Both <-> any,No,Sensory Deprivation Hood (same card: compatible roles),Mutual Yes; Partial Match; Mutual Maybe
0343,Objectification Play,roleplay,xxx,3,role-aware,Give <-> Receive; Both <-> any,No,Objectification Play (same card: compatible roles),Mutual Yes; Partial Match; Mutual Maybe
0344,Squirting Exploration,sensory,xxx,3,role-aware,Give <-> Receive; Both <-> any,No,Squirting Exploration (same card: compatible roles),Mutual Yes; Partial Match; Mutual Maybe
0345,Deep Throat Practice,sensory,xxx,3,role-aware,Give <-> Receive; Both <-> any,No,Deep Throat Practice (same card: compatible roles),Mutual Yes; Partial Match; Mutual Maybe
0346,Rimming,paired play,naughty,2,role-aware,Give <-> Receive; Both <-> any,No,Rimming (same card: compatible roles),Mutual Yes; Partial Match; Mutual Maybe
0348,Anal Fingering,paired play,naughty,2,role-aware,Give <-> Receive; Both <-> any,No,Anal Fingering (same card: compatible roles),Mutual Yes; Partial Match; Mutual Maybe
0350,Prostate Massage,paired play,naughty,2,role-aware,Give <-> Receive; Both <-> any,No,Prostate Massage (same card: compatible roles),Mutual Yes; Partial Match; Mutual Maybe
0352,Anal Training,paired play,xxx,3,role-aware,Give <-> Receive; Both <-> any,No,Anal Training (same card: compatible roles),Mutual Yes; Partial Match; Mutual Maybe
0354,Anal Play Prep,communication,soft,1,role-aware,Give <-> Receive; Both <-> any,No,Anal Play Prep (same card: compatible roles),Mutual Yes; Partial Match; Mutual Maybe
0355,Vibrating Butt Plug,props and toys,naughty,2,role-aware,Give <-> Receive; Both <-> any,No,Vibrating Butt Plug (same card: compatible roles),Mutual Yes; Partial Match; Mutual Maybe
0356,Anal Hook Play,light restraint,xxx,3,role-aware,Give <-> Receive; Both <-> any,No,Anal Hook Play (same card: compatible roles),Mutual Yes; Partial Match; Mutual Maybe
